{
  "welcomeFile": "/index.html",
  "authenticationMethod": "route",
  "routes": [
    {
        "source": "^/factory/(.*)$",
        "authenticationType": "xsuaa",
        "destination": "factory-backend",
        "csrfProtection": true
      },
    {
      "source": "^/resources/(.*)$",
      "target": "/resources/$1",
      "authenticationType": "none",
      "destination": "ui5"
    },
    {
      "source": "^/test-resources/(.*)$",
      "target": "/test-resources/$1",
      "authenticationType": "none",
      "destination": "ui5"
    },
    {
      "source": "^(.*)$",
      "target": "$1",
      "service": "html5-apps-repo-rt",
      "authenticationType": "xsuaa"
    }
  ]
}
